{ "plot": {
    "plot_type": "Optic-Lobe"
  , "group_name": "Li37_R"
  , "title": ""
  , "view": "Dorsal_slice"
  , "scalebar": {
        "type": "-"
      , "length": "50"
      , "location":[20222, 32027, 46704]
    }
  , "slice_indicator": {
        "text":"D"
    }
  , "directory": "ol_gallery_plots"
  , "rois":{
        "ME(R)": {"color":[0.05,0.05,0.05,0.05],"visible":false}
      , "LO(R)": {"color":[1.0,0.0,0.0,1.0], "visible":false}
      , "LOP(R)": {"color":[1.0,0.0,0.0,1.0], "visible":false}
      , "ME_R_layer_01":{ "slice": [12812.0, 23467.0, 33012.0],  "rotation": [60.0,-221.0,162.0], "thickness": 30, "color":[0.9803921568627451, 0.9686274509803922, 0.9803921568627451, 1], "outline": [0.6745098039215687, 0.5450980392156862, 0.6862745098039216, 1]}
      , "ME_R_layer_02":{ "slice": [12812.0, 23467.0, 33012.0],  "rotation": [60.0,-221.0,162.0], "thickness": 30, "color":[0.9411764705882353, 0.8901960784313725, 0.9215686274509803, 1], "outline": [0.6745098039215687, 0.5450980392156862, 0.6862745098039216, 1]}
      , "ME_R_layer_03":{ "slice": [12812.0, 23467.0, 33012.0],  "rotation": [60.0,-221.0,162.0], "thickness": 30, "color":[0.9803921568627451, 0.9686274509803922, 0.9803921568627451, 1], "outline": [0.6745098039215687, 0.5450980392156862, 0.6862745098039216, 1]}
      , "ME_R_layer_04":{ "slice": [12812.0, 23467.0, 33012.0],  "rotation": [60.0,-221.0,162.0], "thickness": 30, "color":[0.9411764705882353, 0.8901960784313725, 0.9215686274509803, 1], "outline": [0.6745098039215687, 0.5450980392156862, 0.6862745098039216, 1]}
      , "ME_R_layer_05":{ "slice": [12812.0, 23467.0, 33012.0],  "rotation": [60.0,-221.0,162.0], "thickness": 30, "color":[0.9803921568627451, 0.9686274509803922, 0.9803921568627451, 1], "outline": [0.6745098039215687, 0.5450980392156862, 0.6862745098039216, 1]}
      , "ME_R_layer_06":{ "slice": [12812.0, 23467.0, 33012.0],  "rotation": [60.0,-221.0,162.0], "thickness": 30, "color":[0.9411764705882353, 0.8901960784313725, 0.9215686274509803, 1], "outline": [0.6745098039215687, 0.5450980392156862, 0.6862745098039216, 1]}
      , "ME_R_layer_07":{ "slice": [12812.0, 23467.0, 33012.0],  "rotation": [60.0,-221.0,162.0], "thickness": 30, "color":[0.9803921568627451, 0.9686274509803922, 0.9803921568627451, 1], "outline": [0.6745098039215687, 0.5450980392156862, 0.6862745098039216, 1]}
      , "ME_R_layer_08":{ "slice": [12812.0, 23467.0, 33012.0],  "rotation": [60.0,-221.0,162.0], "thickness": 30, "color":[0.9411764705882353, 0.8901960784313725, 0.9215686274509803, 1], "outline": [0.6745098039215687, 0.5450980392156862, 0.6862745098039216, 1]}
      , "ME_R_layer_09":{ "slice": [12812.0, 23467.0, 33012.0],  "rotation": [60.0,-221.0,162.0], "thickness": 30, "color":[0.9803921568627451, 0.9686274509803922, 0.9803921568627451, 1], "outline": [0.6745098039215687, 0.5450980392156862, 0.6862745098039216, 1]}
      , "ME_R_layer_10":{ "slice": [12812.0, 23467.0, 33012.0],  "rotation": [60.0,-221.0,162.0], "thickness": 30, "color":[0.9411764705882353, 0.8901960784313725, 0.9215686274509803, 1], "outline": [0.6745098039215687, 0.5450980392156862, 0.6862745098039216, 1]}

      , "LO_R_layer_1":{ "slice": [12812.0, 23467.0, 33012.0],  "rotation": [60.0,-221.0,162.0], "thickness": 30,"color":[0.9921568627450981, 0.9764705882352941, 0.9803921568627451, 1], "outline": [0.8980392156862745, 0.615686274509804, 0.6784313725490196, 1]}
      , "LO_R_layer_2":{ "slice": [12812.0, 23467.0, 33012.0],  "rotation": [60.0,-221.0,162.0], "thickness": 30,"color":[0.9725490196078431, 0.9176470588235294, 0.9254901960784314, 1], "outline": [0.8980392156862745, 0.615686274509804, 0.6784313725490196, 1]}
      , "LO_R_layer_3":{ "slice": [12812.0, 23467.0, 33012.0],  "rotation": [60.0,-221.0,162.0], "thickness": 30,"color":[0.9921568627450981, 0.9764705882352941, 0.9803921568627451, 1], "outline": [0.8980392156862745, 0.615686274509804, 0.6784313725490196, 1]}
      , "LO_R_layer_4":{ "slice": [12812.0, 23467.0, 33012.0],  "rotation": [60.0,-221.0,162.0], "thickness": 30,"color":[0.9725490196078431, 0.9176470588235294, 0.9254901960784314, 1], "outline": [0.8980392156862745, 0.615686274509804, 0.6784313725490196, 1]}
      , "LO_R_layer_5":{ "slice": [12812.0, 23467.0, 33012.0],  "rotation": [60.0,-221.0,162.0], "thickness": 30,"color":[0.9921568627450981, 0.9764705882352941, 0.9803921568627451, 1], "outline": [0.8980392156862745, 0.615686274509804, 0.6784313725490196, 1]}
      , "LO_R_layer_6":{ "slice": [12812.0, 23467.0, 33012.0],  "rotation": [60.0,-221.0,162.0], "thickness": 30,"color":[0.9725490196078431, 0.9176470588235294, 0.9254901960784314, 1], "outline": [0.8980392156862745, 0.615686274509804, 0.6784313725490196, 1]}
      , "LO_R_layer_7":{ "slice": [12812.0, 23467.0, 33012.0],  "rotation": [60.0,-221.0,162.0], "thickness": 30,"color":[0.9921568627450981, 0.9764705882352941, 0.9803921568627451, 1], "outline": [0.8980392156862745, 0.615686274509804, 0.6784313725490196, 1]}

      , "LOP_R_layer_1":{ "slice": [12812.0, 23467.0, 33012.0], "rotation": [60.0,-221.0,162.0], "thickness": 30, "color":[1.0, 0.984313725490196, 0.984313725490196, 1], "outline": [0.996078431372549, 0.615686274509804, 0.6784313725490196, 1]}
      , "LOP_R_layer_2":{ "slice": [12812.0, 23467.0, 33012.0], "rotation": [60.0,-221.0,162.0], "thickness": 30, "color":[1.0, 0.9411764705882353, 0.9372549019607843, 1], "outline": [0.996078431372549, 0.615686274509804, 0.6784313725490196, 1]}
      , "LOP_R_layer_3":{ "slice": [12812.0, 23467.0, 33012.0], "rotation": [60.0,-221.0,162.0], "thickness": 30, "color":[1.0, 0.984313725490196, 0.984313725490196, 1], "outline": [0.996078431372549, 0.615686274509804, 0.6784313725490196, 1]}
      , "LOP_R_layer_4":{ "slice": [12812.0, 23467.0, 33012.0], "rotation": [60.0,-221.0,162.0], "thickness": 30, "color":[1.0, 0.9411764705882353, 0.9372549019607843, 1], "outline": [0.996078431372549, 0.615686274509804, 0.6784313725490196, 1]}
    }

  , "camera":{
        "rotation": [60, -221, 162]
      , "location": [25213, 62771, 15796]
      , "ortho_scale": 48000
      , "resolution": [4096, 4096]
    }

  , "neuron_types": {

        "Li37": {
            "body_ids":
                [17424]
          , "body_color":[0.2, 0.2, 0.2, 1 ]
          , "slicer": [{
                "location":[13026, 19010, 34830]
              , "rotation": [60.0, -221.0, 162.0]
              , "thickness":[8000]
            }
            ]
          , "text": {
                "text_string": "Li37"
              , "paper_position":[0.03, 0.88]
              , "text_align": "l"
            }
        }

    }
}}
