{ "plot": {
    "plot_type": "Optic-Lobe"
  , "group_name": "Fig1_LoVC16_darker"
  , "title": "LoVC16"
  , "view": "Equator_slice"
  , "scalebar": {
        "type": "-"
      , "length": "50"
      , "location":[21118, 33286, 49685]
      
      , "text_location":[20189, 33594, 50163]
      
    }
  
  , "directory": "fig_1"
  , "rois":{
        "ME(R)": {"color":[0.05,0.05,0.05,0.05],"visible":false}
      , "LO(R)": {"color":[1.0,0.0,0.0,1.0], "visible":false}
      , "LOP(R)": {"color":[1.0,0.0,0.0,1.0], "visible":false}
      , "ME_R_layer_01":{ "slice": [16682.0, 34887.0, 33158.0],  "rotation": [91.0,-226.0,162.0], "thickness": 30, "color":[0.8156862745098039, 0.8156862745098039, 0.8156862745098039, 1], "outline": [0.3921568627450981, 0.3921568627450981, 0.3921568627450981, 1.0]}
      , "ME_R_layer_02":{ "slice": [16682.0, 34887.0, 33158.0],  "rotation": [91.0,-226.0,162.0], "thickness": 30, "color":[0.9803921568627451, 0.9803921568627451, 0.9803921568627451, 1], "outline": [0.3921568627450981, 0.3921568627450981, 0.3921568627450981, 1.0]}
      , "ME_R_layer_03":{ "slice": [16682.0, 34887.0, 33158.0],  "rotation": [91.0,-226.0,162.0], "thickness": 30, "color":[0.8156862745098039, 0.8156862745098039, 0.8156862745098039, 1], "outline": [0.3921568627450981, 0.3921568627450981, 0.3921568627450981, 1.0]}
      , "ME_R_layer_04":{ "slice": [16682.0, 34887.0, 33158.0],  "rotation": [91.0,-226.0,162.0], "thickness": 30, "color":[0.9803921568627451, 0.9803921568627451, 0.9803921568627451, 1], "outline": [0.3921568627450981, 0.3921568627450981, 0.3921568627450981, 1.0]}
      , "ME_R_layer_05":{ "slice": [16682.0, 34887.0, 33158.0],  "rotation": [91.0,-226.0,162.0], "thickness": 30, "color":[0.8156862745098039, 0.8156862745098039, 0.8156862745098039, 1], "outline": [0.3921568627450981, 0.3921568627450981, 0.3921568627450981, 1.0]}
      , "ME_R_layer_06":{ "slice": [16682.0, 34887.0, 33158.0],  "rotation": [91.0,-226.0,162.0], "thickness": 30, "color":[0.9803921568627451, 0.9803921568627451, 0.9803921568627451, 1], "outline": [0.3921568627450981, 0.3921568627450981, 0.3921568627450981, 1.0]}
      , "ME_R_layer_07":{ "slice": [16682.0, 34887.0, 33158.0],  "rotation": [91.0,-226.0,162.0], "thickness": 30, "color":[0.8156862745098039, 0.8156862745098039, 0.8156862745098039, 1], "outline": [0.3921568627450981, 0.3921568627450981, 0.3921568627450981, 1.0]}
      , "ME_R_layer_08":{ "slice": [16682.0, 34887.0, 33158.0],  "rotation": [91.0,-226.0,162.0], "thickness": 30, "color":[0.9803921568627451, 0.9803921568627451, 0.9803921568627451, 1], "outline": [0.3921568627450981, 0.3921568627450981, 0.3921568627450981, 1.0]}
      , "ME_R_layer_09":{ "slice": [16682.0, 34887.0, 33158.0],  "rotation": [91.0,-226.0,162.0], "thickness": 30, "color":[0.8156862745098039, 0.8156862745098039, 0.8156862745098039, 1], "outline": [0.3921568627450981, 0.3921568627450981, 0.3921568627450981, 1.0]}
      , "ME_R_layer_10":{ "slice": [16682.0, 34887.0, 33158.0],  "rotation": [91.0,-226.0,162.0], "thickness": 30, "color":[0.9803921568627451, 0.9803921568627451, 0.9803921568627451, 1], "outline": [0.3921568627450981, 0.3921568627450981, 0.3921568627450981, 1.0]}
      
      , "LO_R_layer_1":{ "slice": [16682.0, 34887.0, 33158.0],  "rotation": [91.0,-226.0,162.0], "thickness": 30,"color":[0.8156862745098039, 0.8156862745098039, 0.8156862745098039, 1], "outline": [0.3921568627450981, 0.3921568627450981, 0.3921568627450981, 1.0]}
      , "LO_R_layer_2":{ "slice": [16682.0, 34887.0, 33158.0],  "rotation": [91.0,-226.0,162.0], "thickness": 30,"color":[0.9803921568627451, 0.9803921568627451, 0.9803921568627451, 1], "outline": [0.3921568627450981, 0.3921568627450981, 0.3921568627450981, 1.0]}
      , "LO_R_layer_3":{ "slice": [16682.0, 34887.0, 33158.0],  "rotation": [91.0,-226.0,162.0], "thickness": 30,"color":[0.8156862745098039, 0.8156862745098039, 0.8156862745098039, 1], "outline": [0.3921568627450981, 0.3921568627450981, 0.3921568627450981, 1.0]}
      , "LO_R_layer_4":{ "slice": [16682.0, 34887.0, 33158.0],  "rotation": [91.0,-226.0,162.0], "thickness": 30,"color":[0.9803921568627451, 0.9803921568627451, 0.9803921568627451, 1], "outline": [0.3921568627450981, 0.3921568627450981, 0.3921568627450981, 1.0]}
      , "LO_R_layer_5":{ "slice": [16682.0, 34887.0, 33158.0],  "rotation": [91.0,-226.0,162.0], "thickness": 30,"color":[0.8156862745098039, 0.8156862745098039, 0.8156862745098039, 1], "outline": [0.3921568627450981, 0.3921568627450981, 0.3921568627450981, 1.0]}
      , "LO_R_layer_6":{ "slice": [16682.0, 34887.0, 33158.0],  "rotation": [91.0,-226.0,162.0], "thickness": 30,"color":[0.9803921568627451, 0.9803921568627451, 0.9803921568627451, 1], "outline": [0.3921568627450981, 0.3921568627450981, 0.3921568627450981, 1.0]}
      , "LO_R_layer_7":{ "slice": [16682.0, 34887.0, 33158.0],  "rotation": [91.0,-226.0,162.0], "thickness": 30,"color":[0.8156862745098039, 0.8156862745098039, 0.8156862745098039, 1], "outline": [0.3921568627450981, 0.3921568627450981, 0.3921568627450981, 1.0]}
      
      , "LOP_R_layer_1":{ "slice": [16682.0, 34887.0, 33158.0], "rotation": [91.0,-226.0,162.0], "thickness": 30, "color":[0.8156862745098039, 0.8156862745098039, 0.8156862745098039, 1], "outline": [0.3921568627450981, 0.3921568627450981, 0.3921568627450981, 1.0]}
      , "LOP_R_layer_2":{ "slice": [16682.0, 34887.0, 33158.0], "rotation": [91.0,-226.0,162.0], "thickness": 30, "color":[0.9803921568627451, 0.9803921568627451, 0.9803921568627451, 1], "outline": [0.3921568627450981, 0.3921568627450981, 0.3921568627450981, 1.0]}
      , "LOP_R_layer_3":{ "slice": [16682.0, 34887.0, 33158.0], "rotation": [91.0,-226.0,162.0], "thickness": 30, "color":[0.8156862745098039, 0.8156862745098039, 0.8156862745098039, 1], "outline": [0.3921568627450981, 0.3921568627450981, 0.3921568627450981, 1.0]}
      , "LOP_R_layer_4":{ "slice": [16682.0, 34887.0, 33158.0], "rotation": [91.0,-226.0,162.0], "thickness": 30, "color":[0.9803921568627451, 0.9803921568627451, 0.9803921568627451, 1], "outline": [0.3921568627450981, 0.3921568627450981, 0.3921568627450981, 1.0]}
    }

  , "camera":{
        "rotation": [91, -226, 162]
      , "location": [38000, 60000, 30000]
      , "ortho_scale": 55000
      , "resolution": [4096, 4096]
    }

  , "neuron_types": {
         
                  "LoVC16": {
            "body_ids":
                [10029]
          , "body_color":[0.5764705882352941, 0.37254901960784315, 0.011764705882352941, 1 ]
          , "slicer": [{
                "location":[16682.0, 34887.0, 33158.0]
              , "rotation": [91.0, -226.0, 162.0]
              , "thickness":[6000]
            }
              , {"roi": ["ME(R)", "LO(R)", "LOP(R)"], "keep": "intersection"}
            ]
          , "text": {
                "text_string": ""
              , "paper_position":[0.05, 0.95]
              , "text_align": "l"
            }
        }
      , "LoVC16-out": {
            "body_ids":
                [10029]
          , "body_color":[0.5764705882352941, 0.37254901960784315, 0.011764705882352941, 1 ]
          , "slicer": [
                {"roi": ["ME(R)", "LO(R)", "LOP(R)"], "keep": "difference"}
            ]
        }
          ,  
                  "LoVC16_1": {
            "body_ids":
                [10053]
          , "body_color":[0.8705882352941177, 0.5607843137254902, 0.0196078431372549, 1 ]
          , "slicer": [{
                "location":[16682.0, 34887.0, 33158.0]
              , "rotation": [91.0, -226.0, 162.0]
              , "thickness":[6000]
            }
              , {"roi": ["ME(R)", "LO(R)", "LOP(R)"], "keep": "intersection"}
            ]
          , "text": {
                "text_string": ""
              , "paper_position":[0.05, 0.95]
              , "text_align": "l"
            }
        }
      , "LoVC16_1-out": {
            "body_ids":
                [10053]
          , "body_color":[0.8705882352941177, 0.5607843137254902, 0.0196078431372549, 1 ]
          ,