{ "plot": {
    "plot_type": "Optic-Lobe"
  , "group_name": "LPi4a_R"
  , "title": ""
  , "view": "Ventral_slice"
  , "scalebar": {
        "type": "-"
      , "length": "50"
      , "location": [21651, 33304, 48447]
    }
  , "slice_indicator": {
        "text":"V"
    }
  , "directory": "ol_gallery_plots"
  , "rois":{
        "ME(R)": {"color":[0.05,0.05,0.05,0.05],"visible":false}
      , "LO(R)": {"color":[1.0,0.0,0.0,1.0], "visible":false}
      , "LOP(R)": {"color":[1.0,0.0,0.0,1.0], "visible":false}
      , "ME_R_layer_01":{ "slice": [19000.0, 45000.0, 33000.0],  "rotation": [119.0,-226.0,162.0], "thickness": 30, "color":[0.9803921568627451, 0.9686274509803922, 0.9803921568627451, 1], "outline": [0.6745098039215687, 0.5450980392156862, 0.6862745098039216, 1]}
      , "ME_R_layer_02":{ "slice": [19000.0, 45000.0, 33000.0],  "rotation": [119.0,-226.0,162.0], "thickness": 30, "color":[0.9411764705882353, 0.8901960784313725, 0.9215686274509803, 1], "outline": [0.6745098039215687, 0.5450980392156862, 0.6862745098039216, 1]}
      , "ME_R_layer_03":{ "slice": [19000.0, 45000.0, 33000.0],  "rotation": [119.0,-226.0,162.0], "thickness": 30, "color":[0.9803921568627451, 0.9686274509803922, 0.9803921568627451, 1], "outline": [0.6745098039215687, 0.5450980392156862, 0.6862745098039216, 1]}
      , "ME_R_layer_04":{ "slice": [19000.0, 45000.0, 33000.0],  "rotation": [119.0,-226.0,162.0], "thickness": 30, "color":[0.9411764705882353, 0.8901960784313725, 0.9215686274509803, 1], "outline": [0.6745098039215687, 0.5450980392156862, 0.6862745098039216, 1]}
      , "ME_R_layer_05":{ "slice": [19000.0, 45000.0, 33000.0],  "rotation": [119.0,-226.0,162.0], "thickness": 30, "color":[0.9803921568627451, 0.9686274509803922, 0.9803921568627451, 1], "outline": [0.6745098039215687, 0.5450980392156862, 0.6862745098039216, 1]}
      , "ME_R_layer_06":{ "slice": [19000.0, 45000.0, 33000.0],  "rotation": [119.0,-226.0,162.0], "thickness": 30, "color":[0.9411764705882353, 0.8901960784313725, 0.9215686274509803, 1], "outline": [0.6745098039215687, 0.5450980392156862, 0.6862745098039216, 1]}
      , "ME_R_layer_07":{ "slice": [19000.0, 45000.0, 33000.0],  "rotation": [119.0,-226.0,162.0], "thickness": 30, "color":[0.9803921568627451, 0.9686274509803922, 0.9803921568627451, 1], "outline": [0.6745098039215687, 0.5450980392156862, 0.6862745098039216, 1]}
      , "ME_R_layer_08":{ "slice": [19000.0, 45000.0, 33000.0],  "rotation": [119.0,-226.0,162.0], "thickness": 30, "color":[0.9411764705882353, 0.8901960784313725, 0.9215686274509803, 1], "outline": [0.6745098039215687, 0.5450980392156862, 0.6862745098039216, 1]}
      , "ME_R_layer_09":{ "slice": [19000.0, 45000.0, 33000.0],  "rotation": [119.0,-226.0,162.0], "thickness": 30, "color":[0.9803921568627451, 0.9686274509803922, 0.9803921568627451, 1], "outline": [0.6745098039215687, 0.5450980392156862, 0.6862745098039216, 1]}
      , "ME_R_layer_10":{ "slice": [19000.0, 45000.0, 33000.0],  "rotation": [119.0,-226.0,162.0], "thickness": 30, "color":[0.9411764705882353, 0.8901960784313725, 0.9215686274509803, 1], "outline": [0.6745098039215687, 0.5450980392156862, 0.6862745098039216, 1]}

      , "LO_R_layer_1":{ "slice": [19000.0, 45000.0, 33000.0],  "rotation": [119.0,-226.0,162.0], "thickness": 30,"color":[0.9921568627450981, 0.9764705882352941, 0.9803921568627451, 1], "outline": [0.8980392156862745, 0.615686274509804, 0.6784313725490196, 1]}
      , "LO_R_layer_2":{ "slice": [19000.0, 45000.0, 33000.0],  "rotation": [119.0,-226.0,162.0], "thickness": 30,"color":[0.9725490196078431, 0.9176470588235294, 0.9254901960784314, 1], "outline": [0.8980392156862745, 0.615686274509804, 0.6784313725490196, 1]}
      , "LO_R_layer_3":{ "slice": [19000.0, 45000.0, 33000.0],  "rotation": [119.0,-226.0,162.0], "thickness": 30,"color":[0.9921568627450981, 0.9764705882352941, 0.9803921568627451, 1], "outline": [0.8980392156862745, 0.615686274509804, 0.6784313725490196, 1]}
      , "LO_R_layer_4":{ "slice": [19000.0, 45000.0, 33000.0],  "rotation": [119.0,-226.0,162.0], "thickness": 30,"color":[0.9725490196078431, 0.9176470588235294, 0.9254901960784314, 1], "outline": [0.8980392156862745, 0.615686274509804, 0.6784313725490196, 1]}
      , "LO_R_layer_5":{ "slice": [19000.0, 45000.0, 33000.0],  "rotation": [119.0,-226.0,162.0], "thickness": 30,"color":[0.9921568627450981, 0.9764705882352941, 0.9803921568627451, 1], "outline": [0.8980392156862745, 0.615686274509804, 0.6784313725490196, 1]}
      , "LO_R_layer_6":{ "slice": [19000.0, 45000.0, 33000.0],  "rotation": [119.0,-226.0,162.0], "thickness": 30,"color":[0.9725490196078431, 0.9176470588235294, 0.9254901960784314, 1], "outline": [0.8980392156862745, 0.615686274509804, 0.6784313725490196, 1]}
      , "LO_R_layer_7":{ "slice": [19000.0, 45000.0, 33000.0],  "rotation": [119.0,-226.0,162.0], "thickness": 30,"color":[0.9921568627450981, 0.9764705882352941, 0.9803921568627451, 1], "outline": [0.8980392156862745, 0.615686274509804, 0.6784313725490196, 1]}

      , "LOP_R_layer_1":{ "slice": [19000.0, 45000.0, 33000.0], "rotation": [119.0,-226.0,162.0], "thickness": 30, "color":[1.0, 0.984313725490196, 0.984313725490196, 1], "outline": [0.996078431372549, 0.615686274509804, 0.6784313725490196, 1]}
      , "LOP_R_layer_2":{ "slice": [19000.0, 45000.0, 33000.0], "rotation": [119.0,-226.0,162.0], "thickness": 30, "color":[1.0, 0.9411764705882353, 0.9372549019607843, 1], "outline": [0.996078431372549, 0.615686274509804, 0.6784313725490196, 1]}
      , "LOP_R_layer_3":{ "slice": [19000.0, 45000.0, 33000.0], "rotation": [119.0,-226.0,162.0], "thickness": 30, "color":[1.0, 0.984313725490196, 0.984313725490196, 1], "outline": [0.996078431372549, 0.615686274509804, 0.6784313725490196, 1]}
      , "LOP_R_layer_4":{ "slice": [19000.0, 45000.0, 33000.0], "rotation": [119.0,-226.0,162.0], "thickness": 30, "color":[1.0, 0.9411764705882353, 0.9372549019607843, 1], "outline": [0.996078431372549, 0.615686274509804, 0.6784313725490196, 1]}
    }

  , "camera":{
        "rotation": [110, -226, 162]
      , "location": [46000, 59000, 36500]
      , "ortho_scale": 54000
      , "resolution": [4096, 4096]
    }

  , "neuron_types": {

        "LPi4a": {
            "body_ids":
                [38365]
          , "body_color":[0.2, 0.2, 0.2, 1 ]
          , "slicer": [{
                "location":[18814, 44880, 33008]
              , "rotation": [105, -231, 144]
              , "thickness":[7500]
            }
            ]
          , "text": {
                "text_string": "LPi4a (17)"
              , "paper_position":[0.03, 0.88]
              , "text_align": "l"
            }
        }

    }
}}
